bucket_start_utc,bucket_end_utc,cycle_results,minted_reported,graphiti_successes_reported,grok_writer_sessions,grok_completed_sessions,grok_model_calls,grok_input_tokens,grok_output_tokens,grok_total_tokens,grok_cached_read_tokens,grok_reasoning_tokens,cursor_fallback_sessions,stored_outputs,stored_grok_outputs,stored_cursor_outputs,stored_other_outputs
2026-08-20T00:55:00Z,2026-08-20T01:00:00Z,1,5,0,2,2,2,102697,617,103314,128,180,0,2,2,0,0
2026-08-20T01:00:00Z,2026-08-20T01:05:00Z,0,0,0,1,1,1,51387,149,51536,128,54,0,0,0,0,0
2026-08-20T01:05:00Z,2026-08-20T01:10:00Z,0,0,0,1,1,1,51341,575,51916,128,71,0,0,0,0,0
2026-08-20T01:10:00Z,2026-08-20T01:15:00Z,0,0,0,1,1,3,154926,853,155779,116864,747,0,0,0,0,0
2026-08-20T01:15:00Z,2026-08-20T01:20:00Z,0,0,0,2,2,4,216476,1400,217876,51200,865,0,1,1,0,0
2026-08-20T01:20:00Z,2026-08-20T01:25:00Z,0,0,0,0,0,0,0,0,0,0,0,0,0,0,0,0
2026-08-20T01:25:00Z,2026-08-20T01:30:00Z,0,0,0,1,0,0,0,0,0,0,0,0,0,0,0,0
2026-08-20T01:30:00Z,2026-08-20T01:35:00Z,0,0,0,1,1,1,51359,567,51926,0,58,1,1,1,0,0
2026-08-20T01:35:00Z,2026-08-20T01:40:00Z,0,0,0,1,1,1,51355,99,51454,0,66,0,0,0,0,0
2026-08-20T01:40:00Z,2026-08-20T01:45:00Z,0,0,0,1,1,1,51351,622,51973,128,323,0,1,1,0,0
2026-08-20T01:45:00Z,2026-08-20T01:50:00Z,1,5,0,1,1,1,51386,105,51491,128,62,0,0,0,0,0
2026-08-20T01:50:00Z,2026-08-20T01:55:00Z,0,0,0,1,1,1,51340,704,52044,128,74,0,1,1,0,0
2026-08-20T01:55:00Z,2026-08-20T02:00:00Z,0,0,0,2,2,2,102695,288,102983,256,135,0,1,1,0,0
2026-08-20T02:00:00Z,2026-08-20T02:05:00Z,0,0,0,1,1,1,51326,460,51786,0,52,0,1,1,0,0
2026-08-20T02:05:00Z,2026-08-20T02:10:00Z,0,0,0,1,1,1,105025,605,105630,51328,247,0,0,0,0,0
2026-08-20T02:10:00Z,2026-08-20T02:15:00Z,0,0,0,1,1,1,51341,535,51876,5248,63,0,0,0,0,0
2026-08-20T02:15:00Z,2026-08-20T02:20:00Z,0,0,0,1,1,1,51344,125,51469,0,94,0,0,0,0,0
2026-08-20T02:20:00Z,2026-08-20T02:25:00Z,0,0,0,0,0,0,0,0,0,0,0,0,0,0,0,0
2026-08-20T02:25:00Z,2026-08-20T02:30:00Z,0,0,0,2,2,2,102694,377,103071,128,297,0,1,1,0,0
2026-08-20T02:30:00Z,2026-08-20T02:35:00Z,0,0,0,1,1,3,159626,1026,160652,106624,429,0,1,1,0,0
2026-08-20T02:35:00Z,2026-08-20T02:40:00Z,1,5,0,1,1,1,51578,866,52444,128,479,0,1,1,0,0
2026-08-20T02:40:00Z,2026-08-20T02:45:00Z,0,0,0,1,1,3,161244,1167,162411,105600,1021,0,0,0,0,0
2026-08-20T02:45:00Z,2026-08-20T02:50:00Z,0,0,0,2,2,2,102644,494,103138,14336,136,0,2,2,0,0
2026-08-20T02:50:00Z,2026-08-20T02:55:00Z,0,0,0,1,1,1,51342,606,51948,0,209,0,0,0,0,0
2026-08-20T02:55:00Z,2026-08-20T03:00:00Z,0,0,0,1,1,3,160645,1125,161770,105472,613,0,0,0,0,0
2026-08-20T03:00:00Z,2026-08-20T03:05:00Z,0,0,0,1,0,0,0,0,0,0,0,0,0,0,0,0
2026-08-20T03:05:00Z,2026-08-20T03:10:00Z,0,0,0,0,0,0,0,0,0,0,0,0,0,0,0,0
2026-08-20T03:10:00Z,2026-08-20T03:15:00Z,0,0,0,1,1,3,156498,1590,158088,52864,954,0,0,0,0,0
2026-08-20T03:15:00Z,2026-08-20T03:20:00Z,0,0,0,1,1,1,51335,130,51465,128,74,0,1,1,0,0
2026-08-20T03:20:00Z,2026-08-20T03:25:00Z,0,0,0,2,2,2,102701,893,103594,1536,130,0,0,0,0,0
2026-08-20T03:25:00Z,2026-08-20T03:30:00Z,0,0,0,0,0,0,0,0,0,0,0,1,1,0,1,0
2026-08-20T03:30:00Z,2026-08-20T03:35:00Z,1,5,0,2,2,2,102682,1561,104243,14336,333,1,1,1,0,0
2026-08-20T03:35:00Z,2026-08-20T03:40:00Z,0,0,0,3,3,3,154106,903,155009,256,205,2,3,0,3,0
2026-08-20T03:40:00Z,2026-08-20T03:45:00Z,0,0,0,0,0,0,0,0,0,0,0,0,1,1,0,0
2026-08-20T03:45:00Z,2026-08-20T03:50:00Z,1,5,0,2,2,2,102666,265,102931,128,189,1,1,0,1,0
2026-08-20T03:50:00Z,2026-08-20T03:55:00Z,0,0,0,3,3,3,154583,1166,155749,256,204,0,4,4,0,0
2026-08-20T03:55:00Z,2026-08-20T04:00:00Z,1,5,0,4,4,4,205739,1156,206895,14336,291,1,3,2,1,0
2026-08-20T04:00:00Z,2026-08-20T04:05:00Z,0,0,0,1,1,1,51339,106,51445,128,74,1,2,1,1,0
2026-08-20T04:05:00Z,2026-08-20T04:10:00Z,1,5,0,4,4,4,205697,1505,207202,19584,508,1,3,2,1,0
2026-08-20T04:10:00Z,2026-08-20T04:15:00Z,0,0,0,1,1,1,51364,548,51912,5248,110,2,2,0,2,0
2026-08-20T04:15:00Z,2026-08-20T04:20:00Z,1,5,0,3,3,3,154170,930,155100,28672,203,1,2,1,1,0
2026-08-20T04:20:00Z,2026-08-20T04:25:00Z,0,0,0,2,2,2,102697,198,102895,15744,114,2,2,0,2,0
2026-08-20T04:25:00Z,2026-08-20T04:30:00Z,0,0,0,0,0,0,0,0,0,0,0,0,1,1,0,0
2026-08-20T04:30:00Z,2026-08-20T04:35:00Z,1,5,0,2,2,2,102407,959,103366,14464,206,0,1,1,0,0
2026-08-20T04:35:00Z,2026-08-20T04:40:00Z,0,0,0,0,0,0,0,0,0,0,0,0,0,0,0,0
2026-08-20T04:40:00Z,2026-08-20T04:45:00Z,0,0,0,3,3,3,153700,1182,154882,19456,413,1,2,2,0,0
2026-08-20T04:45:00Z,2026-08-20T04:50:00Z,0,0,0,1,1,1,51345,482,51827,128,59,0,1,0,1,0
2026-08-20T04:50:00Z,2026-08-20T04:55:00Z,0,0,0,1,1,1,51361,455,51816,128,172,0,1,1,0,0
2026-08-20T04:55:00Z,2026-08-20T05:00:00Z,1,5,0,0,0,0,0,0,0,0,0,0,0,0,0,0
2026-08-20T05:00:00Z,2026-08-20T05:05:00Z,0,0,0,1,1,1,51357,436,51793,5248,70,0,0,0,0,0
2026-08-20T05:05:00Z,2026-08-20T05:10:00Z,0,0,0,1,1,1,51346,430,51776,1408,59,0,0,0,0,0
2026-08-20T05:10:00Z,2026-08-20T05:15:00Z,0,0,0,1,1,1,51336,104,51440,128,61,0,0,0,0,0
2026-08-20T05:15:00Z,2026-08-20T05:20:00Z,0,0,0,2,2,2,102797,758,103555,14208,379,0,1,1,0,0
2026-08-20T05:20:00Z,2026-08-20T05:25:00Z,0,0,0,1,1,1,51340,132,51472,128,78,0,1,1,0,0
2026-08-20T05:25:00Z,2026-08-20T05:30:00Z,0,0,0,2,2,2,102658,383,103041,384,122,0,1,1,0,0
2026-08-20T05:30:00Z,2026-08-20T05:35:00Z,0,0,0,1,1,1,51462,409,51871,128,167,0,1,1,0,0
2026-08-20T05:35:00Z,2026-08-20T05:40:00Z,0,0,0,2,2,2,102961,526,103487,0,214,0,0,0,0,0
2026-08-20T05:40:00Z,2026-08-20T05:45:00Z,0,0,0,0,0,0,0,0,0,0,0,0,1,1,0,0
2026-08-20T05:45:00Z,2026-08-20T05:50:00Z,1,5,0,2,2,2,102705,4545,107250,2560,179,0,1,1,0,0
2026-08-20T05:50:00Z,2026-08-20T05:55:00Z,0,0,0,3,3,3,154068,784,154852,256,447,1,3,2,1,0
2026-08-20T05:55:00Z,2026-08-20T06:00:00Z,0,0,0,1,1,1,51347,164,51511,14208,138,1,1,0,1,0
2026-08-20T06:00:00Z,2026-08-20T06:05:00Z,1,5,0,3,3,3,154047,397,154444,14336,231,2,2,1,1,0
2026-08-20T06:05:00Z,2026-08-20T06:10:00Z,0,0,0,2,2,2,102687,529,103216,1536,123,0,3,2,1,0
2026-08-20T06:10:00Z,2026-08-20T06:15:00Z,1,5,0,3,3,3,154626,1124,155750,14592,268,1,2,1,1,0
2026-08-20T06:15:00Z,2026-08-20T06:20:00Z,0,0,0,3,3,5,265553,1271,266824,105472,1073,2,2,2,0,0
2026-08-20T06:20:00Z,2026-08-20T06:25:00Z,0,0,0,0,0,0,0,0,0,0,0,0,1,0,1,0
2026-08-20T06:25:00Z,2026-08-20T06:30:00Z,1,5,0,5,5,5,257220,2509,259729,12160,434,1,5,4,1,0
2026-08-20T06:30:00Z,2026-08-20T06:35:00Z,1,5,0,4,4,4,205588,2232,207820,11904,452,0,3,3,0,0
2026-08-20T06:35:00Z,2026-08-20T06:40:00Z,0,0,0,1,1,1,51354,130,51484,128,101,0,2,2,0,0
2026-08-20T06:40:00Z,2026-08-20T06:45:00Z,1,5,0,5,5,5,256754,1691,258445,1792,381,0,5,5,0,0
2026-08-20T06:45:00Z,2026-08-20T06:50:00Z,1,5,0,2,2,2,102698,960,103658,6656,166,1,1,0,1,0
2026-08-20T06:50:00Z,2026-08-20T06:55:00Z,0,0,0,3,3,4,206357,1728,208085,67072,365,2,3,1,2,0
2026-08-20T06:55:00Z,2026-08-20T07:00:00Z,0,0,0,0,0,0,0,0,0,0,0,1,1,0,1,0
2026-08-20T07:00:00Z,2026-08-20T07:05:00Z,1,5,0,3,3,3,154073,1193,155266,15744,266,1,3,2,1,0
2026-08-20T07:05:00Z,2026-08-20T07:10:00Z,0,0,0,2,2,2,102713,518,103231,1536,108,0,2,2,0,0
2026-08-20T07:10:00Z,2026-08-20T07:15:00Z,1,5,0,5,5,5,256824,1040,257864,19840,412,1,5,4,1,0
2026-08-20T07:15:00Z,2026-08-20T07:20:00Z,1,5,0,1,1,1,51360,128,51488,14208,92,1,0,0,0,0
2026-08-20T07:20:00Z,2026-08-20T07:25:00Z,0,0,0,4,4,4,205624,1147,206771,256,306,1,5,3,2,0
2026-08-20T07:25:00Z,2026-08-20T07:30:00Z,1,5,0,2,2,2,102797,195,102992,2432,131,2,1,0,1,0
2026-08-20T07:30:00Z,2026-08-20T07:35:00Z,0,0,0,2,2,2,157321,2446,159767,65792,992,1,2,0,2,0
2026-08-20T07:35:00Z,2026-08-20T07:40:00Z,0,0,0,1,1,1,51354,454,51808,14336,64,1,2,1,1,0
2026-08-20T07:40:00Z,2026-08-20T07:45:00Z,1,5,0,4,4,4,205692,1376,207068,19840,603,1,3,2,1,0
2026-08-20T07:45:00Z,2026-08-20T07:50:00Z,0,0,0,1,1,1,51359,207,51566,5248,130,1,2,1,1,0
2026-08-20T07:50:00Z,2026-08-20T07:55:00Z,1,5,0,3,3,3,154164,1049,155213,14464,434,1,2,1,1,0
2026-08-20T07:55:00Z,2026-08-20T08:00:00Z,0,0,0,2,2,2,102701,229,102930,5376,114,2,3,1,2,0
2026-08-20T08:00:00Z,2026-08-20T08:05:00Z,1,5,0,1,1,1,51345,171,51516,5248,99,0,0,0,0,0
2026-08-20T08:05:00Z,2026-08-20T08:10:00Z,0,0,0,4,4,4,205574,1636,207210,5632,390,2,4,3,1,0
2026-08-20T08:10:00Z,2026-08-20T08:15:00Z,0,0,0,0,0,0,0,0,0,0,0,0,1,0,1,0
2026-08-20T08:15:00Z,2026-08-20T08:20:00Z,1,5,0,5,5,5,257350,2736,260086,44160,621,2,4,3,1,0
2026-08-20T08:20:00Z,2026-08-20T08:25:00Z,0,0,0,0,0,0,0,0,0,0,0,0,1,0,1,0
2026-08-20T08:25:00Z,2026-08-20T08:30:00Z,1,5,0,2,2,2,102696,1044,103740,15616,222,2,1,0,1,0
2026-08-20T08:30:00Z,2026-08-20T08:35:00Z,0,0,0,2,2,2,155338,1248,156586,70784,351,2,2,0,2,0
2026-08-20T08:35:00Z,2026-08-20T08:40:00Z,0,0,0,1,1,1,51332,99,51431,128,57,1,2,0,2,0
2026-08-20T08:40:00Z,2026-08-20T08:45:00Z,1,5,0,3,3,3,154554,1591,156145,14592,631,1,2,1,1,0
2026-08-20T08:45:00Z,2026-08-20T08:50:00Z,0,0,0,2,2,2,102712,568,103280,5376,183,1,3,2,1,0
2026-08-20T08:50:00Z,2026-08-20T08:55:00Z,1,5,0,3,3,3,154224,954,155178,64128,277,1,2,1,1,0
2026-08-20T08:55:00Z,2026-08-20T09:00:00Z,0,0,0,2,2,2,102702,424,103126,10496,120,1,3,2,1,0
2026-08-20T09:00:00Z,2026-08-20T09:05:00Z,1,5,0,5,5,5,257407,1646,259053,28800,536,0,4,4,0,0
2026-08-20T09:05:00Z,2026-08-20T09:10:00Z,1,5,1,3,3,3,154266,3054,157320,384,332,0,4,4,0,0
2026-08-20T09:10:00Z,2026-08-20T09:15:00Z,0,0,0,2,2,4,206123,919,207042,116992,340,1,2,1,1,0
2026-08-20T09:15:00Z,2026-08-20T09:20:00Z,0,0,0,3,3,3,154076,1460,155536,28544,232,0,0,0,0,0
2026-08-20T09:20:00Z,2026-08-20T09:25:00Z,1,5,1,6,6,6,362512,2737,365249,25088,659,2,3,3,0,0
2026-08-20T09:25:00Z,2026-08-20T09:30:00Z,0,0,0,1,1,1,51371,159,51530,2432,61,0,1,0,1,0
2026-08-20T09:30:00Z,2026-08-20T09:35:00Z,0,0,0,1,1,1,51354,664,52018,5248,64,0,1,1,0,0
2026-08-20T09:35:00Z,2026-08-20T09:40:00Z,1,5,1,0,0,0,0,0,0,0,0,0,0,0,0,0
2026-08-20T09:40:00Z,2026-08-20T09:45:00Z,0,0,0,3,3,3,154288,525,154813,24832,220,1,1,1,0,0
2026-08-20T09:45:00Z,2026-08-20T09:50:00Z,0,0,0,1,0,0,0,0,0,0,0,0,0,0,0,0
2026-08-20T09:50:00Z,2026-08-20T09:55:00Z,0,0,0,0,0,0,0,0,0,0,0,0,0,0,0,0
2026-08-20T09:55:00Z,2026-08-20T10:00:00Z,0,0,0,1,1,1,51205,90,51295,128,58,0,0,0,0,0
2026-08-20T10:00:00Z,2026-08-20T10:05:00Z,0,0,0,2,2,2,102759,509,103268,0,227,1,1,1,0,0
2026-08-20T10:05:00Z,2026-08-20T10:10:00Z,0,0,0,0,0,0,0,0,0,0,0,0,0,0,0,0
2026-08-20T10:10:00Z,2026-08-20T10:15:00Z,0,0,0,2,2,2,102836,715,103551,0,180,0,1,1,0,0
2026-08-20T10:15:00Z,2026-08-20T10:20:00Z,0,0,0,1,1,3,154600,719,155319,102912,214,0,2,2,0,0
2026-08-20T10:20:00Z,2026-08-20T10:25:00Z,0,0,0,0,0,0,0,0,0,0,0,0,0,0,0,0
2026-08-20T10:25:00Z,2026-08-20T10:30:00Z,1,5,1,2,2,2,102734,861,103595,256,175,0,1,1,0,0
2026-08-20T10:30:00Z,2026-08-20T10:35:00Z,0,0,0,2,2,2,102831,866,103697,128,202,0,2,2,0,0
2026-08-20T10:35:00Z,2026-08-20T10:40:00Z,0,0,0,1,1,1,51442,384,51826,0,211,0,2,2,0,0
2026-08-20T10:40:00Z,2026-08-20T10:45:00Z,1,5,1,0,0,0,0,0,0,0,0,0,0,0,0,0
2026-08-20T10:45:00Z,2026-08-20T10:50:00Z,0,0,0,3,3,3,154647,1265,155912,256,451,0,3,3,0,0
2026-08-20T10:50:00Z,2026-08-20T10:55:00Z,0,0,0,2,2,2,102718,695,103413,256,148,0,1,1,0,0
2026-08-20T10:55:00Z,2026-08-20T11:00:00Z,0,0,0,1,1,1,51367,237,51604,128,80,0,1,1,0,0
2026-08-20T11:00:00Z,2026-08-20T11:05:00Z,0,0,0,0,0,0,0,0,0,0,0,0,0,0,0,0
2026-08-20T11:05:00Z,2026-08-20T11:10:00Z,1,5,1,1,1,1,51230,166,51396,1408,75,0,0,0,0,0
2026-08-20T11:10:00Z,2026-08-20T11:15:00Z,0,0,0,1,1,1,51225,86,51311,0,51,0,0,0,0,0
2026-08-20T11:15:00Z,2026-08-20T11:20:00Z,0,0,0,1,1,1,51206,135,51341,128,67,0,1,1,0,0
2026-08-20T11:20:00Z,2026-08-20T11:25:00Z,0,0,0,2,2,2,102585,1145,103730,256,157,0,2,2,0,0
2026-08-20T11:25:00Z,2026-08-20T11:30:00Z,0,0,0,1,1,1,51430,132,51562,14208,104,0,0,0,0,0
2026-08-20T11:30:00Z,2026-08-20T11:35:00Z,0,0,0,2,2,4,213647,1490,215137,112256,568,0,1,1,0,0
2026-08-20T11:35:00Z,2026-08-20T11:40:00Z,0,0,0,0,0,0,0,0,0,0,0,0,0,0,0,0
2026-08-20T11:40:00Z,2026-08-20T11:45:00Z,0,0,0,1,1,1,51368,143,51511,128,112,0,0,0,0,0
2026-08-20T11:45:00Z,2026-08-20T11:50:00Z,0,0,0,1,1,1,51347,361,51708,5248,56,0,1,1,0,0
2026-08-20T11:50:00Z,2026-08-20T11:55:00Z,1,5,1,0,0,0,0,0,0,0,0,0,0,0,0,0
2026-08-20T11:55:00Z,2026-08-20T12:00:00Z,0,0,0,3,3,3,154468,1430,155898,1536,504,0,3,3,0,0
2026-08-20T12:00:00Z,2026-08-20T12:05:00Z,0,0,0,2,2,2,102781,615,103396,256,218,0,1,1,0,0
2026-08-20T12:05:00Z,2026-08-20T12:10:00Z,0,0,0,0,0,0,0,0,0,0,0,0,0,0,0,0
2026-08-20T12:10:00Z,2026-08-20T12:15:00Z,0,0,0,1,1,1,51633,416,52049,14336,152,0,1,1,0,0
2026-08-20T12:15:00Z,2026-08-20T12:20:00Z,1,5,1,1,1,1,51385,103,51488,5248,60,0,0,0,0,0
2026-08-20T12:20:00Z,2026-08-20T12:25:00Z,0,0,0,0,0,0,0,0,0,0,0,0,0,0,0,0
2026-08-20T12:25:00Z,2026-08-20T12:30:00Z,0,0,0,1,1,1,51368,85,51453,0,56,0,0,0,0,0
2026-08-20T12:30:00Z,2026-08-20T12:35:00Z,0,0,0,2,2,2,102750,750,103500,1408,181,0,2,2,0,0
2026-08-20T12:35:00Z,2026-08-20T12:40:00Z,0,0,0,3,3,3,154533,1115,155648,19584,633,0,2,2,0,0
2026-08-20T12:40:00Z,2026-08-20T12:45:00Z,0,0,0,1,1,1,51431,339,51770,128,115,0,1,1,0,0
2026-08-20T12:45:00Z,2026-08-20T12:50:00Z,0,0,0,0,0,0,0,0,0,0,0,0,0,0,0,0
2026-08-20T12:50:00Z,2026-08-20T12:55:00Z,1,5,1,2,2,2,102756,840,103596,5248,172,0,2,2,0,0
2026-08-20T12:55:00Z,2026-08-20T13:00:00Z,0,0,0,2,2,2,103069,462,103531,128,129,0,0,0,0,0
2026-08-20T13:00:00Z,2026-08-20T13:05:00Z,0,0,0,2,2,2,102738,241,102979,5376,181,0,1,1,0,0
2026-08-20T13:05:00Z,2026-08-20T13:10:00Z,0,0,0,1,1,1,51537,328,51865,128,100,0,1,1,0,0
2026-08-20T13:10:00Z,2026-08-20T13:15:00Z,0,0,0,1,1,1,51837,492,52329,128,73,0,1,1,0,0
2026-08-20T13:15:00Z,2026-08-20T13:20:00Z,1,5,1,2,2,2,104125,1244,105369,256,481,0,2,2,0,0
2026-08-20T13:20:00Z,2026-08-20T13:25:00Z,0,0,0,2,2,2,102780,812,103592,10496,533,0,1,1,0,0
2026-08-20T13:25:00Z,2026-08-20T13:30:00Z,0,0,0,2,2,2,102737,172,102909,5248,114,1,1,1,0,0
2026-08-20T13:30:00Z,2026-08-20T13:35:00Z,0,0,0,1,1,1,51366,461,51827,5248,60,0,1,1,0,0
2026-08-20T13:35:00Z,2026-08-20T13:40:00Z,1,5,1,1,1,1,106096,862,106958,56576,208,1,0,0,0,0
2026-08-20T13:40:00Z,2026-08-20T13:45:00Z,0,0,0,3,3,3,154380,621,155001,5376,248,2,2,1,1,0
2026-08-20T13:45:00Z,2026-08-20T13:50:00Z,0,0,0,2,2,2,102731,666,103397,5248,167,1,3,1,2,0
2026-08-20T13:50:00Z,2026-08-20T13:55:00Z,0,0,0,0,0,0,0,0,0,0,0,0,0,0,0,0
2026-08-20T13:55:00Z,2026-08-20T14:00:00Z,1,5,1,5,5,5,257051,2238,259289,19968,539,0,5,5,0,0
2026-08-20T14:00:00Z,2026-08-20T14:05:00Z,1,5,1,1,1,1,51367,119,51486,128,67,1,0,0,0,0
2026-08-20T14:05:00Z,2026-08-20T14:10:00Z,0,0,0,3,3,3,154096,1399,155495,28672,469,1,3,1,2,0
2026-08-20T14:10:00Z,2026-08-20T14:15:00Z,0,0,0,1,1,1,51628,792,52420,128,512,0,2,2,0,0
2026-08-20T14:15:00Z,2026-08-20T14:20:00Z,1,5,1,1,1,1,51398,241,51639,5248,198,0,0,0,0,0
2026-08-20T14:20:00Z,2026-08-20T14:25:00Z,0,0,0,2,2,2,102783,952,103735,28416,165,1,2,2,0,0
2026-08-20T14:25:00Z,2026-08-20T14:30:00Z,0,0,0,2,2,2,102729,631,103360,14336,110,1,1,1,0,0
2026-08-20T14:30:00Z,2026-08-20T14:35:00Z,0,0,0,2,2,2,102816,613,103429,5248,167,0,1,1,0,0
2026-08-20T14:35:00Z,2026-08-20T14:40:00Z,0,0,0,1,1,3,219105,902,220007,154880,827,1,0,0,0,0
2026-08-20T14:40:00Z,2026-08-20T14:45:00Z,0,0,0,0,0,0,0,0,0,0,0,0,1,0,1,0
2026-08-20T14:45:00Z,2026-08-20T14:50:00Z,1,5,1,1,1,1,51397,98,51495,128,76,0,0,0,0,0
2026-08-20T14:50:00Z,2026-08-20T14:55:00Z,0,0,0,1,1,1,51364,190,51554,1280,69,0,0,0,0,0
2026-08-20T14:55:00Z,2026-08-20T15:00:00Z,0,0,0,1,1,1,104943,852,105795,51456,291,0,1,1,0,0
2026-08-20T15:00:00Z,2026-08-20T15:05:00Z,0,0,0,2,2,2,102921,452,103373,14464,164,1,1,1,0,0
2026-08-20T15:05:00Z,2026-08-20T15:10:00Z,0,0,0,3,3,3,154226,998,155224,5504,269,1,2,2,0,0
2026-08-20T15:10:00Z,2026-08-20T15:15:00Z,0,0,0,1,1,1,51507,199,51706,128,159,0,1,1,0,0
2026-08-20T15:15:00Z,2026-08-20T15:20:00Z,1,5,1,1,1,1,51395,439,51834,5248,64,0,0,0,0,0
2026-08-20T15:20:00Z,2026-08-20T15:25:00Z,0,0,0,1,1,1,51354,97,51451,128,54,0,1,1,0,0
2026-08-20T15:25:00Z,2026-08-20T15:30:00Z,0,0,0,2,2,2,211278,1570,212848,124288,403,0,1,1,0,0
2026-08-20T15:30:00Z,2026-08-20T15:35:00Z,0,0,0,1,1,1,51385,103,51488,256,70,0,0,0,0,0
2026-08-20T15:35:00Z,2026-08-20T15:40:00Z,0,0,0,2,2,2,102800,374,103174,256,166,0,2,2,0,0
2026-08-20T15:40:00Z,2026-08-20T15:45:00Z,0,0,0,1,1,2,105053,797,105850,56576,317,0,1,1,0,0
2026-08-20T15:45:00Z,2026-08-20T15:50:00Z,1,5,1,1,1,1,51353,421,51774,5248,59,0,1,1,0,0
2026-08-20T15:50:00Z,2026-08-20T15:55:00Z,0,0,0,3,3,3,154158,1257,155415,14464,208,0,3,3,0,0
2026-08-20T15:55:00Z,2026-08-20T16:00:00Z,0,0,0,1,1,1,51373,686,52059,5248,55,0,1,1,0,0
2026-08-20T16:00:00Z,2026-08-20T16:05:00Z,1,5,1,1,1,1,51412,617,52029,128,104,0,1,1,0,0
2026-08-20T16:05:00Z,2026-08-20T16:10:00Z,0,0,0,1,1,1,51352,93,51445,128,60,0,0,0,0,0
2026-08-20T16:10:00Z,2026-08-20T16:15:00Z,0,0,0,2,2,2,103123,862,103985,128,402,0,1,1,0,0
2026-08-20T16:15:00Z,2026-08-20T16:20:00Z,0,0,0,2,2,2,102721,297,103018,5248,214,0,0,0,0,0
2026-08-20T16:20:00Z,2026-08-20T16:25:00Z,0,0,0,1,1,1,51465,192,51657,14208,136,0,0,0,0,0
2026-08-20T16:25:00Z,2026-08-20T16:30:00Z,0,0,0,2,2,2,102729,505,103234,19584,144,0,1,1,0,0
2026-08-20T16:30:00Z,2026-08-20T16:35:00Z,0,0,0,1,1,1,51347,549,51896,5248,61,0,2,2,0,0
2026-08-20T16:35:00Z,2026-08-20T16:40:00Z,1,5,1,2,2,2,102738,435,103173,19456,173,0,1,1,0,0
2026-08-20T16:40:00Z,2026-08-20T16:45:00Z,0,0,0,1,1,1,51350,102,51452,128,72,1,1,0,1,0
2026-08-20T16:45:00Z,2026-08-20T16:50:00Z,0,0,0,2,2,2,102729,671,103400,5376,222,0,2,2,0,0
2026-08-20T16:50:00Z,2026-08-20T16:55:00Z,0,0,0,1,1,1,51467,133,51600,128,110,0,0,0,0,0
2026-08-20T16:55:00Z,2026-08-20T17:00:00Z,0,0,0,1,1,1,51369,555,51924,128,72,0,1,1,0,0
2026-08-20T17:00:00Z,2026-08-20T17:05:00Z,1,5,1,1,1,1,51360,766,52126,0,203,0,0,0,0,0
2026-08-20T17:05:00Z,2026-08-20T17:10:00Z,0,0,0,3,3,3,154251,635,154886,42880,244,0,4,4,0,0
2026-08-20T17:10:00Z,2026-08-20T17:15:00Z,0,0,0,1,1,1,51350,401,51751,5248,56,0,1,1,0,0
2026-08-20T17:15:00Z,2026-08-20T17:20:00Z,1,5,1,0,0,0,0,0,0,0,0,0,0,0,0,0
2026-08-20T17:20:00Z,2026-08-20T17:25:00Z,0,0,0,2,2,2,102798,841,103639,128,147,0,2,2,0,0
2026-08-20T17:25:00Z,2026-08-20T17:30:00Z,0,0,0,1,1,1,51396,130,51526,5248,85,0,0,0,0,0
2026-08-20T17:30:00Z,2026-08-20T17:35:00Z,0,0,0,1,1,1,51425,122,51547,5248,74,0,0,0,0,0
2026-08-20T17:35:00Z,2026-08-20T17:40:00Z,0,0,0,1,1,1,51412,124,51536,5248,94,0,0,0,0,0
2026-08-20T17:40:00Z,2026-08-20T17:45:00Z,0,0,0,3,3,3,154150,692,154842,14464,293,1,1,1,0,0
2026-08-20T17:45:00Z,2026-08-20T17:50:00Z,0,0,0,1,1,1,51398,501,51899,128,165,1,2,1,1,0
2026-08-20T17:50:00Z,2026-08-20T17:55:00Z,1,5,1,1,1,1,51396,105,51501,0,73,1,0,0,0,0
2026-08-20T17:55:00Z,2026-08-20T18:00:00Z,0,0,0,4,4,6,309043,2341,311384,118784,864,0,5,4,1,0
2026-08-20T18:00:00Z,2026-08-20T18:05:00Z,1,5,1,4,4,4,205571,2232,207803,6784,328,0,3,3,0,0
2026-08-20T18:05:00Z,2026-08-20T18:10:00Z,0,0,0,1,1,1,51421,94,51515,5248,59,1,2,1,1,0
2026-08-20T18:10:00Z,2026-08-20T18:15:00Z,1,5,1,2,2,4,210663,1035,211698,124288,563,1,1,1,0,0
2026-08-20T18:15:00Z,2026-08-20T18:20:00Z,0,0,0,3,3,3,154131,1244,155375,16768,211,0,4,3,1,0
2026-08-20T18:20:00Z,2026-08-20T18:25:00Z,1,5,1,1,1,1,51372,119,51491,14208,68,1,0,0,0,0
2026-08-20T18:25:00Z,2026-08-20T18:30:00Z,0,0,0,3,3,3,154071,774,154845,1408,182,1,4,2,2,0
2026-08-20T18:30:00Z,2026-08-20T18:35:00Z,0,0,0,1,1,3,156932,1605,158537,102784,718,0,1,1,0,0
2026-08-20T18:35:00Z,2026-08-20T18:40:00Z,1,5,1,0,0,0,0,0,0,0,0,0,0,0,0,0
2026-08-20T18:40:00Z,2026-08-20T18:45:00Z,0,0,0,2,2,2,102642,663,103305,19584,152,0,1,1,0,0
2026-08-20T18:45:00Z,2026-08-20T18:50:00Z,0,0,0,2,2,2,102785,2508,105293,5120,282,0,1,1,0,0
2026-08-20T18:50:00Z,2026-08-20T18:55:00Z,0,0,0,2,2,2,102725,262,102987,1536,168,1,1,1,0,0
2026-08-20T18:55:00Z,2026-08-20T19:00:00Z,0,0,0,1,1,1,51397,104,51501,5248,80,0,0,0,0,0
2026-08-20T19:00:00Z,2026-08-20T19:05:00Z,0,0,0,2,2,2,102733,785,103518,128,150,0,2,2,0,0
2026-08-20T19:05:00Z,2026-08-20T19:10:00Z,1,5,1,0,0,0,0,0,0,0,0,0,0,0,0,0
2026-08-20T19:10:00Z,2026-08-20T19:15:00Z,0,0,0,1,1,1,51367,134,51501,128,84,0,0,0,0,0
2026-08-20T19:15:00Z,2026-08-20T19:20:00Z,0,0,0,1,1,1,107326,1130,108456,14336,370,0,0,0,0,0
2026-08-20T19:20:00Z,2026-08-20T19:25:00Z,0,0,0,1,1,1,51354,100,51454,5248,61,0,0,0,0,0
2026-08-20T19:25:00Z,2026-08-20T19:30:00Z,0,0,0,2,2,2,102771,542,103313,14208,129,0,1,1,0,0
2026-08-20T19:30:00Z,2026-08-20T19:35:00Z,0,0,0,0,0,0,0,0,0,0,0,0,0,0,0,0
2026-08-20T19:35:00Z,2026-08-20T19:40:00Z,0,0,0,2,2,2,102715,292,103007,14336,145,0,1,1,0,0
2026-08-20T19:40:00Z,2026-08-20T19:45:00Z,0,0,0,1,1,3,160071,696,160767,104960,290,0,0,0,0,0
2026-08-20T19:45:00Z,2026-08-20T19:50:00Z,0,0,0,1,1,1,51365,131,51496,128,64,0,0,0,0,0
2026-08-20T19:50:00Z,2026-08-20T19:55:00Z,0,0,0,1,1,1,51207,87,51294,1408,36,0,1,1,0,0
2026-08-20T19:55:00Z,2026-08-20T20:00:00Z,0,0,0,2,2,2,102669,844,103513,10496,136,0,2,2,0,0
2026-08-20T20:00:00Z,2026-08-20T20:05:00Z,0,0,0,0,0,0,0,0,0,0,0,0,0,0,0,0
2026-08-20T20:05:00Z,2026-08-20T20:10:00Z,1,5,1,1,1,1,51227,2116,53343,5248,59,0,1,1,0,0
2026-08-20T20:10:00Z,2026-08-20T20:15:00Z,0,0,0,2,2,2,102735,955,103690,1408,215,0,2,2,0,0
2026-08-20T20:15:00Z,2026-08-20T20:20:00Z,0,0,0,1,1,1,51366,133,51499,128,94,0,0,0,0,0
2026-08-20T20:20:00Z,2026-08-20T20:25:00Z,0,0,0,2,2,2,102566,2820,105386,256,188,0,1,1,0,0
2026-08-20T20:25:00Z,2026-08-20T20:30:00Z,0,0,0,0,0,0,0,0,0,0,0,0,1,1,0,0
2026-08-20T20:30:00Z,2026-08-20T20:35:00Z,1,5,1,0,0,0,0,0,0,0,0,0,0,0,0,0
2026-08-20T20:35:00Z,2026-08-20T20:40:00Z,0,0,0,1,1,1,51259,105,51364,0,81,0,0,0,0,0
2026-08-20T20:40:00Z,2026-08-20T20:45:00Z,0,0,0,1,1,1,51373,145,51518,0,118,1,0,0,0,0
2026-08-20T20:45:00Z,2026-08-20T20:50:00Z,0,0,0,5,5,5,256822,1273,258095,12032,339,0,5,5,0,0
2026-08-20T20:50:00Z,2026-08-20T20:55:00Z,0,0,0,0,0,0,0,0,0,0,0,0,0,0,0,0
2026-08-20T20:55:00Z,2026-08-20T21:00:00Z,1,5,1,4,4,4,259254,1338,260592,79744,429,3,3,1,2,0
2026-08-20T21:00:00Z,2026-08-20T21:05:00Z,0,0,0,1,1,1,51360,182,51542,128,76,0,2,1,1,0
2026-08-20T21:05:00Z,2026-08-20T21:10:00Z,1,5,1,5,5,5,257263,1434,258697,34048,343,0,5,5,0,0
2026-08-20T21:10:00Z,2026-08-20T21:15:00Z,0,0,0,0,0,0,0,0,0,0,0,0,0,0,0,0
2026-08-20T21:15:00Z,2026-08-20T21:20:00Z,1,5,1,3,3,4,261548,1616,263164,117120,800,1,3,2,1,0
2026-08-20T21:20:00Z,2026-08-20T21:25:00Z,0,0,0,2,2,2,102748,205,102953,5248,158,1,2,1,1,0
2026-08-20T21:25:00Z,2026-08-20T21:30:00Z,1,5,1,3,3,3,154156,993,155149,16768,212,1,2,2,0,0
2026-08-20T21:30:00Z,2026-08-20T21:35:00Z,0,0,0,2,2,2,102761,524,103285,128,151,1,3,1,2,0
2026-08-20T21:35:00Z,2026-08-20T21:40:00Z,1,5,1,1,1,1,51356,421,51777,14336,182,0,0,0,0,0
2026-08-20T21:40:00Z,2026-08-20T21:45:00Z,0,0,0,4,4,4,205535,1302,206837,19712,263,2,5,3,2,0
2026-08-20T21:45:00Z,2026-08-20T21:50:00Z,0,0,0,0,0,0,0,0,0,0,0,0,0,0,0,0
2026-08-20T21:50:00Z,2026-08-20T21:55:00Z,1,1,1,2,2,2,102876,561,103437,256,166,0,1,1,0,0
2026-08-20T21:55:00Z,2026-08-20T22:00:00Z,0,0,0,1,1,1,109631,848,110479,56576,285,0,0,0,0,0
2026-08-20T22:00:00Z,2026-08-20T22:05:00Z,0,0,0,1,1,1,51380,127,51507,128,82,0,0,0,0,0
2026-08-20T22:05:00Z,2026-08-20T22:10:00Z,0,0,0,1,1,1,105769,1005,106774,51456,353,1,0,0,0,0
2026-08-20T22:10:00Z,2026-08-20T22:15:00Z,0,0,0,1,1,1,51382,121,51503,5248,89,0,0,0,0,0
2026-08-20T22:15:00Z,2026-08-20T22:20:00Z,0,0,0,0,0,0,0,0,0,0,0,0,0,0,0,0
2026-08-20T22:20:00Z,2026-08-20T22:25:00Z,1,2,1,1,1,1,51365,111,51476,0,67,0,0,0,0,0
2026-08-20T22:25:00Z,2026-08-20T22:30:00Z,0,0,0,1,1,1,51293,195,51488,1280,168,0,0,0,0,0
2026-08-20T22:30:00Z,2026-08-20T22:35:00Z,0,0,0,2,2,4,215507,1348,216855,56704,554,0,1,1,0,0
2026-08-20T22:35:00Z,2026-08-20T22:40:00Z,0,0,0,1,1,1,51442,2124,53566,14336,91,0,1,1,0,0
2026-08-20T22:40:00Z,2026-08-20T22:45:00Z,0,0,0,0,0,0,0,0,0,0,0,0,0,0,0,0
2026-08-20T22:45:00Z,2026-08-20T22:50:00Z,1,4,1,4,4,4,205455,1442,206897,16768,311,0,3,3,0,0
2026-08-20T22:50:00Z,2026-08-20T22:55:00Z,0,0,0,0,0,0,0,0,0,0,0,1,1,0,1,0
2026-08-20T22:55:00Z,2026-08-20T23:00:00Z,1,0,1,0,0,0,0,0,0,0,0,0,0,0,0,0
2026-08-20T23:00:00Z,2026-08-20T23:05:00Z,0,0,0,0,0,0,0,0,0,0,0,0,0,0,0,0
2026-08-20T23:05:00Z,2026-08-20T23:10:00Z,1,0,1,0,0,0,0,0,0,0,0,0,0,0,0,0
2026-08-20T23:10:00Z,2026-08-20T23:15:00Z,1,0,1,0,0,0,0,0,0,0,0,0,0,0,0,0
2026-08-20T23:15:00Z,2026-08-20T23:20:00Z,0,0,0,0,0,0,0,0,0,0,0,0,0,0,0,0
2026-08-20T23:20:00Z,2026-08-20T23:25:00Z,1,0,1,0,0,0,0,0,0,0,0,0,0,0,0,0
2026-08-20T23:25:00Z,2026-08-20T23:30:00Z,1,0,1,0,0,0,0,0,0,0,0,0,0,0,0,0
2026-08-20T23:30:00Z,2026-08-20T23:35:00Z,1,0,1,0,0,0,0,0,0,0,0,0,0,0,0,0
2026-08-20T23:35:00Z,2026-08-20T23:40:00Z,0,0,0,0,0,0,0,0,0,0,0,0,0,0,0,0
2026-08-20T23:40:00Z,2026-08-20T23:45:00Z,1,0,1,0,0,0,0,0,0,0,0,0,0,0,0,0
2026-08-20T23:45:00Z,2026-08-20T23:50:00Z,1,0,1,0,0,0,0,0,0,0,0,0,0,0,0,0
2026-08-20T23:50:00Z,2026-08-20T23:55:00Z,0,0,0,0,0,0,0,0,0,0,0,0,0,0,0,0
2026-08-20T23:55:00Z,2026-08-21T00:00:00Z,1,0,1,0,0,0,0,0,0,0,0,0,0,0,0,0
2026-08-21T00:00:00Z,2026-08-21T00:05:00Z,1,0,1,0,0,0,0,0,0,0,0,0,0,0,0,0
2026-08-21T00:05:00Z,2026-08-21T00:10:00Z,0,0,0,0,0,0,0,0,0,0,0,0,0,0,0,0
2026-08-21T00:10:00Z,2026-08-21T00:15:00Z,1,0,1,0,0,0,0,0,0,0,0,0,0,0,0,0
2026-08-21T00:15:00Z,2026-08-21T00:20:00Z,1,2,1,2,2,2,102758,920,103678,5376,274,0,2,2,0,0
2026-08-21T00:20:00Z,2026-08-21T00:25:00Z,0,0,0,0,0,0,0,0,0,0,0,0,0,0,0,0
2026-08-21T00:25:00Z,2026-08-21T00:30:00Z,1,5,1,4,4,4,205511,2357,207868,10752,415,1,3,2,1,0
2026-08-21T00:30:00Z,2026-08-21T00:35:00Z,0,0,0,1,1,1,51624,446,52070,5248,138,0,2,2,0,0
2026-08-21T00:35:00Z,2026-08-21T00:40:00Z,1,1,1,1,1,1,51379,425,51804,5248,84,0,1,1,0,0
2026-08-21T00:40:00Z,2026-08-21T00:45:00Z,0,0,0,0,0,0,0,0,0,0,0,0,0,0,0,0
2026-08-21T00:45:00Z,2026-08-21T00:50:00Z,1,0,1,0,0,0,0,0,0,0,0,0,0,0,0,0
2026-08-21T00:50:00Z,2026-08-21T00:55:00Z,1,0,1,0,0,0,0,0,0,0,0,0,0,0,0,0
2026-08-21T00:55:00Z,2026-08-21T01:00:00Z,0,0,0,0,0,0,0,0,0,0,0,0,0,0,0,0
2026-08-21T01:00:00Z,2026-08-21T01:05:00Z,1,0,1,0,0,0,0,0,0,0,0,0,0,0,0,0
2026-08-21T01:05:00Z,2026-08-21T01:10:00Z,1,0,1,0,0,0,0,0,0,0,0,0,0,0,0,0
2026-08-21T01:10:00Z,2026-08-21T01:15:00Z,1,0,1,0,0,0,0,0,0,0,0,0,0,0,0,0
2026-08-21T01:15:00Z,2026-08-21T01:20:00Z,0,0,0,0,0,0,0,0,0,0,0,0,0,0,0,0
2026-08-21T01:20:00Z,2026-08-21T01:25:00Z,1,0,1,0,0,0,0,0,0,0,0,0,0,0,0,0
2026-08-21T01:25:00Z,2026-08-21T01:30:00Z,1,0,1,0,0,0,0,0,0,0,0,0,0,0,0,0
2026-08-21T01:30:00Z,2026-08-21T01:35:00Z,0,0,0,0,0,0,0,0,0,0,0,0,0,0,0,0
2026-08-21T01:35:00Z,2026-08-21T01:40:00Z,1,0,1,0,0,0,0,0,0,0,0,0,0,0,0,0
2026-08-21T01:40:00Z,2026-08-21T01:45:00Z,1,2,1,2,2,2,103073,797,103870,5376,318,0,2,2,0,0
2026-08-21T01:45:00Z,2026-08-21T01:50:00Z,0,0,0,0,0,0,0,0,0,0,0,0,0,0,0,0
2026-08-21T01:50:00Z,2026-08-21T01:55:00Z,1,0,1,0,0,0,0,0,0,0,0,0,0,0,0,0
2026-08-21T01:55:00Z,2026-08-21T02:00:00Z,1,3,1,1,1,1,51372,113,51485,128,72,1,0,0,0,0
2026-08-21T02:00:00Z,2026-08-21T02:05:00Z,0,0,0,2,2,2,103131,1166,104297,1536,420,0,3,2,1,0
2026-08-21T02:05:00Z,2026-08-21T02:10:00Z,1,0,1,0,0,0,0,0,0,0,0,0,0,0,0,0
2026-08-21T02:10:00Z,2026-08-21T02:15:00Z,0,0,0,0,0,0,0,0,0,0,0,0,0,0,0,0
2026-08-21T02:15:00Z,2026-08-21T02:20:00Z,1,0,1,0,0,0,0,0,0,0,0,0,0,0,0,0
2026-08-21T02:20:00Z,2026-08-21T02:25:00Z,1,1,1,1,1,1,51542,426,51968,128,205,0,1,1,0,0
2026-08-21T02:25:00Z,2026-08-21T02:30:00Z,0,0,0,0,0,0,0,0,0,0,0,0,0,0,0,0
2026-08-21T02:30:00Z,2026-08-21T02:35:00Z,1,0,1,0,0,0,0,0,0,0,0,0,0,0,0,0
2026-08-21T02:35:00Z,2026-08-21T02:40:00Z,1,0,1,0,0,0,0,0,0,0,0,0,0,0,0,0
2026-08-21T02:40:00Z,2026-08-21T02:45:00Z,0,0,0,0,0,0,0,0,0,0,0,0,0,0,0,0
2026-08-21T02:45:00Z,2026-08-21T02:50:00Z,1,0,0,0,0,0,0,0,0,0,0,0,0,0,0,0
2026-08-21T02:50:00Z,2026-08-21T02:55:00Z,0,0,0,0,0,0,0,0,0,0,0,0,0,0,0,0
2026-08-21T02:55:00Z,2026-08-21T03:00:00Z,0,0,0,0,0,0,0,0,0,0,0,0,0,0,0,0
2026-08-21T03:00:00Z,2026-08-21T03:05:00Z,1,1,0,1,1,1,51697,573,52270,5248,272,0,1,1,0,0
2026-08-21T03:05:00Z,2026-08-21T03:10:00Z,0,0,0,0,0,0,0,0,0,0,0,0,0,0,0,0
2026-08-21T03:10:00Z,2026-08-21T03:15:00Z,1,1,0,1,1,1,51723,732,52455,0,358,0,1,1,0,0
2026-08-21T03:15:00Z,2026-08-21T03:20:00Z,0,0,0,0,0,0,0,0,0,0,0,0,0,0,0,0
2026-08-21T03:20:00Z,2026-08-21T03:25:00Z,0,0,0,0,0,0,0,0,0,0,0,0,0,0,0,0
2026-08-21T03:25:00Z,2026-08-21T03:30:00Z,1,0,0,0,0,0,0,0,0,0,0,0,0,0,0,0
2026-08-21T03:30:00Z,2026-08-21T03:35:00Z,0,0,0,0,0,0,0,0,0,0,0,0,0,0,0,0
2026-08-21T03:35:00Z,2026-08-21T03:40:00Z,0,0,0,0,0,0,0,0,0,0,0,0,0,0,0,0
2026-08-21T03:40:00Z,2026-08-21T03:45:00Z,0,0,0,0,0,0,0,0,0,0,0,0,0,0,0,0
2026-08-21T03:45:00Z,2026-08-21T03:50:00Z,0,0,0,0,0,0,0,0,0,0,0,0,0,0,0,0
2026-08-21T03:50:00Z,2026-08-21T03:55:00Z,1,0,0,0,0,0,0,0,0,0,0,0,0,0,0,0
2026-08-21T03:55:00Z,2026-08-21T04:00:00Z,0,0,0,0,0,0,0,0,0,0,0,0,0,0,0,0
2026-08-21T04:00:00Z,2026-08-21T04:05:00Z,0,0,0,0,0,0,0,0,0,0,0,0,0,0,0,0
2026-08-21T04:05:00Z,2026-08-21T04:10:00Z,0,0,0,0,0,0,0,0,0,0,0,0,0,0,0,0
2026-08-21T04:10:00Z,2026-08-21T04:15:00Z,0,0,0,0,0,0,0,0,0,0,0,0,0,0,0,0
2026-08-21T04:15:00Z,2026-08-21T04:20:00Z,1,3,0,3,3,3,154667,1806,156473,10496,819,0,3,3,0,0
2026-08-21T04:20:00Z,2026-08-21T04:25:00Z,0,0,0,0,0,0,0,0,0,0,0,0,0,0,0,0
2026-08-21T04:25:00Z,2026-08-21T04:30:00Z,0,0,0,0,0,0,0,0,0,0,0,0,0,0,0,0
2026-08-21T04:30:00Z,2026-08-21T04:35:00Z,0,0,0,0,0,0,0,0,0,0,0,0,0,0,0,0
2026-08-21T04:35:00Z,2026-08-21T04:40:00Z,1,4,0,1,1,1,51370,735,52105,128,349,0,1,1,0,0
2026-08-21T04:40:00Z,2026-08-21T04:45:00Z,0,0,0,2,2,2,102812,790,103602,0,346,0,2,2,0,0
2026-08-21T04:45:00Z,2026-08-21T04:50:00Z,0,0,0,1,1,1,51378,352,51730,128,118,0,1,1,0,0
2026-08-21T04:50:00Z,2026-08-21T04:55:00Z,0,0,0,0,0,0,0,0,0,0,0,0,0,0,0,0
2026-08-21T04:55:00Z,2026-08-21T05:00:00Z,0,0,0,0,0,0,0,0,0,0,0,0,0,0,0,0
2026-08-21T05:00:00Z,2026-08-21T05:05:00Z,0,0,0,0,0,0,0,0,0,0,0,0,0,0,0,0
2026-08-21T05:05:00Z,2026-08-21T05:10:00Z,0,0,0,0,0,0,0,0,0,0,0,0,0,0,0,0
2026-08-21T05:10:00Z,2026-08-21T05:15:00Z,1,1,0,0,0,0,0,0,0,0,0,0,0,0,0,0
2026-08-21T05:15:00Z,2026-08-21T05:20:00Z,0,0,0,2,2,2,102749,423,103172,19456,216,0,1,1,0,0
2026-08-21T05:20:00Z,2026-08-21T05:25:00Z,0,0,0,0,0,0,0,0,0,0,0,0,0,0,0,0
2026-08-21T05:25:00Z,2026-08-21T05:30:00Z,0,0,0,0,0,0,0,0,0,0,0,0,0,0,0,0
2026-08-21T05:30:00Z,2026-08-21T05:35:00Z,0,0,0,0,0,0,0,0,0,0,0,0,0,0,0,0
2026-08-21T05:35:00Z,2026-08-21T05:40:00Z,0,0,0,0,0,0,0,0,0,0,0,0,0,0,0,0
2026-08-21T05:40:00Z,2026-08-21T05:45:00Z,0,0,0,0,0,0,0,0,0,0,0,0,0,0,0,0
2026-08-21T05:45:00Z,2026-08-21T05:50:00Z,0,0,0,0,0,0,0,0,0,0,0,0,0,0,0,0
2026-08-21T05:50:00Z,2026-08-21T05:55:00Z,1,3,0,0,0,0,0,0,0,0,0,0,0,0,0,0
2026-08-21T05:55:00Z,2026-08-21T06:00:00Z,0,0,0,0,0,0,0,0,0,0,0,0,0,0,0,0
2026-08-21T06:00:00Z,2026-08-21T06:05:00Z,0,0,0,1,1,1,51243,360,51603,128,195,0,1,1,0,0
2026-08-21T06:05:00Z,2026-08-21T06:10:00Z,0,0,0,1,1,1,51240,137,51377,128,115,0,0,0,0,0
2026-08-21T06:10:00Z,2026-08-21T06:15:00Z,0,0,0,0,0,0,0,0,0,0,0,0,0,0,0,0
2026-08-21T06:15:00Z,2026-08-21T06:20:00Z,0,0,0,2,2,2,102732,1431,104163,5376,154,0,2,2,0,0
2026-08-21T06:20:00Z,2026-08-21T06:25:00Z,0,0,0,0,0,0,0,0,0,0,0,0,0,0,0,0
2026-08-21T06:25:00Z,2026-08-21T06:30:00Z,0,0,0,0,0,0,0,0,0,0,0,0,0,0,0,0
2026-08-21T06:30:00Z,2026-08-21T06:35:00Z,0,0,0,0,0,0,0,0,0,0,0,0,0,0,0,0
2026-08-21T06:35:00Z,2026-08-21T06:40:00Z,0,0,0,0,0,0,0,0,0,0,0,0,0,0,0,0
2026-08-21T06:40:00Z,2026-08-21T06:45:00Z,0,0,0,0,0,0,0,0,0,0,0,0,0,0,0,0
2026-08-21T06:45:00Z,2026-08-21T06:50:00Z,0,0,0,0,0,0,0,0,0,0,0,0,0,0,0,0
2026-08-21T06:50:00Z,2026-08-21T06:55:00Z,1,5,0,0,0,0,0,0,0,0,0,0,0,0,0,0
2026-08-21T06:55:00Z,2026-08-21T07:00:00Z,0,0,0,1,0,0,0,0,0,0,0,0,0,0,0,0
2026-08-21T07:00:00Z,2026-08-21T07:05:00Z,0,0,0,1,1,1,51618,410,52028,256,128,0,1,1,0,0
2026-08-21T07:05:00Z,2026-08-21T07:10:00Z,0,0,0,1,1,1,51366,385,51751,0,85,0,1,1,0,0
2026-08-21T07:10:00Z,2026-08-21T07:15:00Z,0,0,0,2,2,2,103282,1187,104469,5248,107,0,2,2,0,0
2026-08-21T07:15:00Z,2026-08-21T07:20:00Z,0,0,0,1,1,1,51506,571,52077,128,174,0,1,1,0,0
2026-08-21T07:20:00Z,2026-08-21T07:25:00Z,0,0,0,0,0,0,0,0,0,0,0,0,0,0,0,0
2026-08-21T07:25:00Z,2026-08-21T07:30:00Z,0,0,0,0,0,0,0,0,0,0,0,0,0,0,0,0
2026-08-21T07:30:00Z,2026-08-21T07:35:00Z,0,0,0,0,0,0,0,0,0,0,0,0,0,0,0,0
2026-08-21T07:35:00Z,2026-08-21T07:40:00Z,0,0,0,0,0,0,0,0,0,0,0,0,0,0,0,0
2026-08-21T07:40:00Z,2026-08-21T07:45:00Z,1,5,0,1,1,1,51360,364,51724,128,59,0,1,1,0,0
2026-08-21T07:45:00Z,2026-08-21T07:50:00Z,0,0,0,1,1,1,51433,205,51638,14208,177,0,0,0,0,0
2026-08-21T07:50:00Z,2026-08-21T07:55:00Z,0,0,0,2,2,2,102753,713,103466,14464,284,0,1,1,0,0
2026-08-21T07:55:00Z,2026-08-21T08:00:00Z,0,0,0,1,1,1,51367,193,51560,0,56,0,0,0,0,0
2026-08-21T08:00:00Z,2026-08-21T08:05:00Z,0,0,0,2,2,2,103224,887,104111,5504,298,0,2,2,0,0
2026-08-21T08:05:00Z,2026-08-21T08:10:00Z,0,0,0,1,1,1,51372,394,51766,2432,134,0,1,1,0,0
2026-08-21T08:10:00Z,2026-08-21T08:15:00Z,0,0,0,0,0,0,0,0,0,0,0,0,0,0,0,0
2026-08-21T08:15:00Z,2026-08-21T08:20:00Z,0,0,0,0,0,0,0,0,0,0,0,0,0,0,0,0
2026-08-21T08:20:00Z,2026-08-21T08:25:00Z,0,0,0,0,0,0,0,0,0,0,0,0,0,0,0,0
2026-08-21T08:25:00Z,2026-08-21T08:30:00Z,1,5,0,5,5,5,257882,3560,261442,21248,971,0,5,5,0,0
2026-08-21T08:30:00Z,2026-08-21T08:35:00Z,0,0,0,0,0,0,0,0,0,0,0,0,0,0,0,0
2026-08-21T08:35:00Z,2026-08-21T08:40:00Z,1,0,0,0,0,0,0,0,0,0,0,0,0,0,0,0
2026-08-21T08:40:00Z,2026-08-21T08:45:00Z,1,0,0,0,0,0,0,0,0,0,0,0,0,0,0,0
2026-08-21T08:45:00Z,2026-08-21T08:50:00Z,1,0,0,0,0,0,0,0,0,0,0,0,0,0,0,0
2026-08-21T08:50:00Z,2026-08-21T08:55:00Z,1,0,0,0,0,0,0,0,0,0,0,0,0,0,0,0
2026-08-21T08:55:00Z,2026-08-21T09:00:00Z,1,0,0,0,0,0,0,0,0,0,0,0,0,0,0,0
2026-08-21T09:00:00Z,2026-08-21T09:05:00Z,1,0,0,0,0,0,0,0,0,0,0,0,0,0,0,0
2026-08-21T09:05:00Z,2026-08-21T09:10:00Z,1,0,0,0,0,0,0,0,0,0,0,0,0,0,0,0
2026-08-21T09:10:00Z,2026-08-21T09:15:00Z,1,0,0,0,0,0,0,0,0,0,0,0,0,0,0,0
2026-08-21T09:15:00Z,2026-08-21T09:20:00Z,1,0,0,0,0,0,0,0,0,0,0,0,0,0,0,0
